{"loss": [NaN, NaN, NaN, NaN, NaN], "mean_absolute_error": [NaN, NaN, NaN, NaN, NaN], "mean_q": [NaN, NaN, NaN, NaN, NaN], "mean_eps": [NaN, NaN, NaN, NaN, NaN], "episode_reward": [-75.38439468231698, -74.27160822260447, -74.21520743929656, -74.93175216888324, -146.33659358852847], "nb_episode_steps": [15, 13, 13, 14, 86], "nb_steps": [15, 28, 41, 55, 141], "episode": [0, 1, 2, 3, 4], "duration": [19.5987962, 17.113417000000002, 17.079591799999996, 18.038589699999996, 92.065062], "Final_Y": [39.632415771484375, 39.64872741699219, 39.65019607543945, 39.60968017578125, 39.64449691772461], "Final_X": [7.635670772287995e-05, 1.7656260808962543e-07, 9.194625363306841e-07, -3.4452718864486087e-06, -5.992526439513313e-06]}